0	Аалст, Белгия	Почетно консулство					50.92050, 4.00568	Вили Ван Импе (Willi Van Impe)<br/>гр. Аалст, консулски окръг – провинция Източна Фландрия Bredeweg 13, В9320 Nieuwerkerken - Aalst, Belgium; тел./ф.: (0032) (0) 53-83-83-73, (мобилен) (0032) (0) 475-76-31-69; e-mail: w270244@hotmail.com					
0	Александрия, Египет	Почетно консулство					31.1993, 29.920	Мохамед Фуад Саад Абделмагид Атия<br/>гр. Александрия, консулски окръг - област Александрия					
0	Алепо, Сирия	Почетно консулство					33.5153, 36.2938	Махер Тунси (Maher Tounsi)<br/>гр. Алепо, консулски окръг - област Алепо Maher Tounsi Abu Rumaneh Str. Baghal Bldg. (facing Hospitality Presidential Palace ), Damascus Syria (или) Maher Tounsi P.O.Box 33416 – city of Damascus or P.O. Box 16253 – city of Aleppo Damascus Syria тел.: (00963) (11) 334-4548/9, ф.: (00963) (11) 334-4546, (мобилен) (00963) (96)976-976					
0	Анкона, Италия	Почетно консулство					43.61466, 13.52610	Джакомо Бугаро (Dr. Giacomo Bugaro)<br/>гр. Анкона, консулски окръг – област Марке (Marche) Dott. Giacomo Bugaro Consolato Onorario della Repubblica di Bulgaria per la Regione Marche Via Rismondo, 1 - 60123 Ancona тел.: (0039) (071) 358-07-02, ф.: (0039) (071) 358-04-32, e-mail: giacomo@bugaro.it, тел.: (071) 358-07-02, ф.: (071) 358-0432 (към 22.10.2008 г.)					
0	Балтимор, САЩ	Почетно консулство					39.16481, -77.20066	Робърт Тарган (Robert Targan, PhD)<br/>гр. Балтимор, консулски окръг –щат Мериленд Robert S. Targan 9713 Lookout Place Montgomery Village, MD 20886 тел.: (001) (301) 216-9846, ф.: (001) (301)216-2477, e-mail: drtargan@erols.com 					
0	Банкок, Тайланд	Почетно консулство		16			13.7163, 100.5721	Сомбат Лаохапонгчана (Sombat Laohapongchana)<br/>гр. Банкок, консулски окръг – територията на Тайланд Mr.Sombat Laohapongchana 3675 Rama 4 rd. Phrakamong, Klongloey Bangkok 10110, Thailand тел.: (0066) (2) 258-54-95, ф.: (0066) (2) 258-64-63 e-mail: sombat@ktt.co.th					
0	Барселона, Испания	Почетно консулство	132	942			41.39293, 2.14348	Христо Стоичков Стоичков (Hristo Stoitchkov)<br/>гр. Барселона, консулски окръг – автономна област Каталуния и автономна област Арагон; Plaza Francesc Macia 6. 5º- 1ª; 08021 Barcelona; España					
0	Богота, Колумбия	Почетно консулство					4.65167, -74.05449	Карлос Уманя Трухийо (Carlos Umaña Trujillo)<br/>гр. Богота, консулски окръг - територията на Република Колумбия; Sr. Carlos Umaña Trujillo Calle 70 # 4-60 Bogotá D.C., Colombia; тел.: (0057) (1) 540-54-33; вътр. 223-346-201; e-mail: cumana@brigardurrutia.com.co					
0	Бока Ратон, САЩ	Почетно консулство					26.3677, -80.1241	Стивън Байнър (Stephen F. Beiner)<br/>гр. Бока Ратон, консулски окръг –щат Флорида Stephen F. Beiner Suite 110, Bank of America Building 2000 Glades Road, Boca Raton, FL 33431 New York Office: 271 Madison Avenue, 20th Floor, New York, NY 10016 тел.: (001) (212) 370-3744 тел.: (001) (561) 750-1800, ф.: (001) (561) 338-3803; Bank of America Building, 2000 Glades Road, Suite 110, Boca Raton, FL 33431, тел.: (561) 750-1800, ф.: (561) 338-3803, sfbeiner@aol.com (към окт. 2008 г.) 					
0	Бостън, САЩ	Почетно консулство		416	218	127	42.35386, -71.05747	Адам Портной<br/>гр. Бостън (Boston), консулски окръг – щат Масачузетс (the state of Massachusetts) Frank J. Bailey, Sherin and Lodgen LLP, 101 Federal Street, Boston, MA 02110 тел.: (001) (617) 646-2124, ф.: (001) (617) 646-2222, e-mail: fjbailey@sherin.com, тел.: (617) 646-2219, ф.: (617) 646-2222, FJBailey@sherin.com (към окт. 2008 г.)					
0	Бурса, Турция	Почетно консулство		21451	1922	2164	40.19600, 29.05009	Хаяти Коркмаз (Hayati Korkmaz)<br/>гр. Бурса, консулски окръг - територията на област Бурса Hayati Korkmaz Bursa, Fahri konsolosluk Darmstad Caddesi, Uslu Sokak, 3/2, Osmangazi Bursa 16050 Türkiye тел.: (0090) (224) 271-59-58, ф.: (0090) (224) 253-00-11, ф. (0090) (224) 451-06-73 (към 21.10.2008 г.), (мобилен) (0090) (532) 264-6998, e-mail: h.korkmaz@ttnet.net.tr					
0	Виена, Австрия	Почетно консулство					48.207, 16.374	Мария Граф<br/>гр. Виена, консулски окръг – територията на федерална провинция Долна Австрия					
0	Винчи, Италия	Почетно консулство					43.78119, 11.26616	Алесандро Бузони (Alessandro Busoni) <br/>гр. Винчи (Флоренция), консулски окръг - област Тоскана (Regione Toscana) Avv. Alessandro Busoni Consolato Onorario della Repubblica di Bulgaria per la Toscana Via Pier Capponi, 44 50132 Firenze тел.: (0039) (055) 571-055, e-mail: studiobusoni@ciaoweb.it, Piazza San Marco, 3-50121, Firenze, тел.: (055) 289-551 (към 22.10.2008 г.), ф.: (055) 217-609 (сайт на МВнР на Италия)					
0	Вроцлав, Полша	Почетно консулство					51.10618, 17.03767	Ян Хоростковски (Jan Chorostkowski)<br/>гр. Вроцлав, консулски окръг – Вроцлав, обхващащ територията на воеводство Долен Шльонск Konsulat Honorowy Republiki Bułgarii Konsul Honorowy Jan Chorostkowski ul. Piotra Skargi 7/1 50–082 Wrosław, Polska тел.: (0048) (71) 783-39-28/346-01-36, ф.: (0048) (71) 367-77-47, ф.: (0048) (71) 346-01-36 – към 22.10.2008 г.)					
0	Гейл, Белгия	Почетно консулство					50.78471, 4.36597	Юго Вутен (Hugo Voeten)<br/>гр. Гейл, консулски окръг – фламандските провинции Антверпен, Лимбург, Фламандски Брабант и Западна Фландрия Hasenhout, 17 2440 Geel 1180 Bruxelles Avenue Blücher 14; тел.: (0032) 145-80-364 (0032) 237-47-518 – Брюксел; (мобилен) (0032) 475-77-6492 ф.: (0032) 145-84-472; e-mail: hugovoeten@skynet.be					
0	Генуа, Италия	Почетно консулство					44.40682, 8.94508	Микеле Скандрольо (Michele Scandroglio)<br/>гр. Генуа, консулски окръг - област Лигурия (Liguria) Piazza Verdi, 6-16100, Genova тел.: (0039) (010) 570-4109, ф.: (010) 541-1905, e-mail: bulconsge@libero.it 					
0	Дака, Бангладеш	Почетно консулство					23.79637, 90.41049	Г-н Танвир Имам (Mr. Tanveer Imam)<br/>гр. Дака, консулски окръг – територията на Бангладеш, IMEX Bangladesh, House No. 14, Road No. 50 (1st Floor), Gulshan-2, Dhaka – 1212, Bangladesh; Tel: +880 2 9861686, +880 2 9861606, +880 2 9564338, +880 2 9557680; Fax: +880 2 9886433; E-mail: imam.tanveer@gmail.com, timam01@yahoo.com					
0	Дармщадт, Германия	Почетно консулство	233	1514			49.86311, 8.6299	Инго-Ендрик Ланкау (Ingo-Endrick Lankau)<br/>Hilpertstraße 3; 64925 Darmstadt; Tel: 0049 (0)6151 958150; Fax: 0049 (0)6151 958133; honorarkonsul@bulgarien-hessen.de					
0	Донецк, Украйна	Почетно консулство					48.0041, 37.8095	Иван Иванович/Иванов (в РМС) Аврамов (Ivan Avramov)<br/>гр. Донецк, консулски окръг – Донецка, Луганска и Запорожка област на Украйна; гр. Запорожие, п.к. 60017, остров Хортиця, дом 55, област Донецк и гр. Луганск, ул. “Радянска”, 18 тел.: (00380) (6252) 90-545/550, (0038) (8062) 333-30-75, ф.: (0038) (806252) 58-240, (мобилен) (00380) (50) 326-4939, e-mail: ugku@en.dn.ua, (0038061) 286-54-45/35/33, гр. Донецк, ул. „50 години СССР”, № 149, тел. (0038) (062) 337-66-11, (0038) (062) 337-70-40, ф. (0038) (062) 337-70-40 (към 21.10.2008 г.)					
0	Дънди, Обединеното Кралство	Почетно консулство			98	61	56.43077, -2.96036	Проф. Николай Желев (Professor Nikolay Zhelev PHD)<br/>гр. Дънди, консулски окръг – окръг Дънди Professor Nikolay Zhelev PHD, Honorary Consul Consulate of the Republic of Bulgaria 28 West Acres Drive, Woodhaven, Newport on Tay Dundee, DD6 8NR Scotland тел.: (0044) (0) 1382-308-000, (директен) (0044) (0) 1382-308-536, (мобилен) (0044) (0) 791-937-8413, ф.: (0044) (0) 1382-308-117, e-mail: Nikolai.Zhelev@abertay.ac.uk					
0	Женева, Швейцария	Почетно консулство					46.20395, 6.14069	Габриел Бенезра (Gabriel А. Benezra)<br/>гр. Женева, консулски окръг – кантоните Женева, Во, Вале и Тесин Mr. Gabriel Benezra Consul honoraire de la République de Bulgarie 20, rue Sénebier Case postale 166 CH-1205 Genève 12 Suisse тел.: (0041) (22) 818-08-08, ф.: (0041) (22) 818-08-18, gabriel.benezra@budin.ch 					
0	Залцбург, Австрия	Почетно консулство					47.80090, 13.04860	Арх. Ерио Хофман (Erio Hofmann)<br/>гр. Залцбург (Salzburg), консулски окръг – провинция Залцбург; Imbergstraße 19, А5010 Salzburg Österreich; тел.: (0043) (662) 883-06-10, ф. (0043) (662) 883-06-127 (мобилен) (0043)(699) 178-83-061; e-mail: arh.hofmann@aon.at					
0	Йокохама, Япония	Почетно консулство					35.48675, 139.64841	Хисаши Накаяма (Hisashi Nakayama)<br/>гр. Йокохама, консулски окръг – 16 префектури от зап. част на о-в Хоншу Mr. Hisashi Nakayama Honorary Consulate of the Republic of Bulgaria in Yokohama Hisashi Nakayama, Meiji Dairies Corporation, Kanagawa Branch Office, 1-6-18 Irie, Yokohama, Kanagawa prefecture, 221-0014, Japan тел.: (0081) (3) 5653-0420, ф.: (0081) (3) 5653-0496 (За контакт по ел. поща, чрез г-н Николай Пъдарев, помощник на г-н Накаяма) Meiji Dairies Corporation International Division International Business Development Dept. тел.: (0081) (3) 5653-0303, ф.: (0081) (3) 5653-0496 e-mail: NIKOLAY_PADAREV@ meiji-milk.com 					
0	Казабланка, Мароко	Почетно консулство		54			33.588, -7.612	Сентиси Eл Идриси Хасан (Sentissi El Idrissi Hassan)<br/>гр. Казабланка, консулски окръг - област Казабланка Sentissi El Idrissi Hassan 52, Angle Bd. Zarktouni and Tlinville, 7-ème étage, Casablanca, Royaume du Maroc тел.: (00212) (22) 29-86-55/29-84-12/29-82-35; ф.: (00212) (22) 29-82-48, (мобилен) (00212) (61) 13-43-50, e-mail: radioholding@iam.net.ma, www.radioholding.com (към 21.10.2008 г.)					
0	Казабланка, Никарагуа	Почетно консулство					33.5953, -7.6387	Сентиси Eл Идриси Хасан (Sentissi El Idrissi Hassan)<br/>гр. Казабланка, консулски окръг - област Казабланка Sentissi El Idrissi Hassan 52, Angle Bd. Zarktouni and Tlinville, 7-ème étage, Casablanca, Royaume du Maroc тел.: (00212) (22) 29-86-55/29-84-12/29-82-35; ф.: (00212) (22) 29-82-48, (мобилен) (00212) (61) 13-43-50, e-mail: radioholding@iam.net.ma, www.radioholding.com (към 21.10.2008 г.)					
0	Карачи, Пакистан	Почетно консулство					24.8504, 67.0274	Аслам Халик (Aslam Khaliq)<br/>гр. Карачи, консулски окръг – провинции Синд и Белуджистан Mr. Aslam Khaliq UDL Distribution (Pvt) Ltd, 1st Floor, Hotel Metropole, Abdullah Haroon Road, Karachi - 75520 Islamic Republic of Pakistan тел.: (0092) (21) 5681-437, (0092) (21) 111-555-444, ф.: (0092) (21) 568-1437 e-mail: aslam_khaliq@bat.pk					
0	Катманду, Непал	Почетно консулство					27.71009, 85.31697	Г-н Бхола Бикрам Тхапа (Mr. Bhola Bikram Thapa)<br/>гр. Катманду, консулски окръг – територията на град Катманду, President Group of Companies, Yak & Yeti Marg, Durbar Marg, Ward No. 1, Kathmandu, Nepal, P.O. Box – 1307; Tel:  +977 1 4241676, +977 1 4220245; Fax:    +977 1 4221180; E-mail: bthapa@president.com.np					
0	Кеми, Финландия	Почетно консулство					65.73627, 24.56348	Г-жа Маури Юхани Туомиваара (Mauri Juhani Tuomivaara)<br/>гр. Кеми, консулски окръг – област Лапландия Mauri Tuomivaara Kauppakatu 13 A 24 94100 Kemi Finland, тел.: (00358) (16) 254-678, (мобилен) (00358) (40) 529-8103, e-mail: mauri.tuomivaara@pp.inet.fi					
0	Кито, Еквадор	Почетно консулство					-0.225, -78.516	Проф. д-р Фаусто Винуеса Родригес<br/>гр. Кито, консулски окръг – територията на Еквадор; Av. Amazonas y Corea Edificio Unicornio 2, Of. 1008; Telefax: (00593) (2) 256-90-36; мобилен: (00593) (2) 945-6960; e-mail: faustovinueza@yahoo.com					
0	Кобленц, Германия	Почетно консулство					50.35466, 7.5942	Д-р Карл-Юрген Вилберт<br/>гр. Кобленц, консулски окръг – федерална провинция Райнланд-Пфалц; Friedrich-Ebert-Ring 33 D, 56 068 Koblenz Bundesrepublik Deutschland; тел.: (0049) (261) 398-124/178 (Sekretariat, Frau Baulig – към 22.10.2008 г.); факс: (0049) (261) 398-936; e-mail: konsul@hwk-koblenz.de; (от 01.01.2009 г.); 56332 Lehmen/Mosel, Abt-Theodorich-Str. 38; тел.: (0049) 02607-4125; ф.: (0049) 02607-960-611; e-mail: hgf-karl-juergen.wilbert@hwk-koblenz.de					
0	Колката, Индия	Почетно консулство					22.53581, 88.33330	Вишамбар Саран (Vishambhar Saran)<br/>гр. Колката (Калкута); консулски окръг – щатите Западен Бенгал, Бихар, Джаркханд и Ориса ; VISA House; 8/10, Alipore Road; Kolkata – 700 027; Tel.:   033 3011-9102; Fax:   033 3011-9001; е-mail: vsaran@visa-group.com; www.visa-group.com					
0	Колумбия, САЩ	Почетно консулство					31.24440, -85.43330	Доналд Робърт Томлин, младши (Donald R. Tomlin, Jr.)<br/>гр. Колумбия (City of Columbia), консулски окръг –щат Южна Каролина (South Carolina) Donald R. Tomlin, Jr. 306 Pinehurst Drive Dothan, Alabama 36303 (205) 712-7400 (telephone) (205) 712-7447 (facsimile); 4500 Ft. Jackson Blvd., Columbia, SC 29209, тел.: (803) 540-3400, дом. адрес: 4618Perry Court, Columbia, SC 29206, don.tomlin@mailsouth.net (към окт.2008 г.)					
0	Куала Лумпур, Малайзия	Почетно консулство					3.12810, 101.67702	Стивън Со Тек То (Steven Soh Teck Toh)<br/>гр. Куала Лумпур, консулски окръг – територията на Малайзия Mr. Steven Soh Teck Toh Bangunan SSA, 4th Floor, No. 9, Jalan Bangsar Utama 3, Bangsar Utama 59000 Kuala Lumpur, Malaysia тел.: (0060) (3) 2282-9909, ф.: (0060) (3) 2282-1699, (0060) (3) 2283-1699 e-mail: steven_soh@yahoo.com					
0	Лас Вегас, САЩ	Почетно консулство			117	82	36.013, -115.092	Робърт Милър (Robert Miller)<br/>гр. Лас Вегас, консулски окръг – щат Невада Robert Miller 900 South Pavilion Center Drive Las Vegas, NV 89144 (or Executive Chambers, Capitol Complex, Carson City, NV 89710) тел. (001) (702) 687-5670, ф.: (001) (702) 687-4486 тел.: (702) 240-0831, ф.: (702) 240-0331, bob.miller@dutkoworldwide@com (към окт. 2008 г.)					
0	Лиеж, Белгия	Почетно консулство					50.50385, 5.2888	Д-р Марам Стърн (Dr. Maram Stern)<br/>гр. Лиеж, консулски окръг – територията на провинция Лиеж, Monsieur Maram Stern, Consul honoraire de la République de Bulgarie à Liège avec comme circonscription consulaire la province de Liège 4, Les Communes de Stree –В4577, Stree-les-Huy (Liège), Province de Liege, Royaume de Belgique; тел. (0032) (8) 57-11-205, (0032) (2) 55-20-900, ф.: (0032) (2) 55-20-911, ф.: (0032) (8) 57-11-205; e-mail maram.stern.@stern.be					
0	Лил, Франция	Почетно консулство		55			50.68308, 3.17372	Г-жа Анник Бар (Madame Annick Bar)<br/>гр. Лил, консулски окръг – регионите Нор-Па-дьо-Кале и Пикардия с прилежащите им департаменти Consulat Honoraire de la République de Bulgarie à Lille Madame Annick Bar, Consul Honoraire 26, rue “Dammartin” 59 100 - Roubaix тел.: (0033) (3) 20-73-55-89 (през работно време), (0033) (3) 20-73-70-84 (към 03.11.2008 г.), ф.: (0033) (3) 20-73-77-49, (0033) (3) 20-73-92-03 (към 03.11.2008 г.), (мобилен) (0033) (06) 17-04-76-91, e-mail: consulat.bg.lille@gmail.com; предстои установяване на адрес в гр. Лил (към 22.10.2008 г.)					
0	Лугано, Швейцария	Почетно консулство					46.0064, 8.9513	Фабрицио Мион (Fabrizio P. Mion) <br/>гр. Лугано, консулски окръг – кантоните Граубюнден (в немската част на Швейцария, Гризон във френската част на Швейцария) и Тесин Адвокат Фабрицио П. Мион, Адвокат Елизабета Тицони, гр. Лугано 6901, пощенска кутия 6134, Швейцария, тел.: (0041) (91) 913-41-42, ф.: (0041) (91) 913-41-43, e-mail: info@mion-associati.com, 6900 Lugano, Via Canova 18, Switzerland, f.mion@bluewin.ch (към 22.10.2008 г.)					
0	Лусака, Замбия	Почетно консулство					-15.411, 28.287	Кешуа Булайа<br/>гр. Лусака					
0	Люксембург, Люксенбург	Почетно консулство	230	318	293	187	49.610, 6.132	Димитриос Зоис (Dimitrios Zois)<br/>гр. Люксембург, консулски окръг – територията на Великото Херцогство Люксембург Monsieur Dimitri Zois Consul honoraire de la République de Bulgarie au Grand-Duché de Luxembourg Stanley Ross International S.A., 29, rue Alphonse München L-2172 Luxembourg, тел.: (00352) 448-876, тел.: (00352) 448-923 (към 22.10.2008 г.), ф.: (00352) 448-887, e-mail: stanley@pt.lu, consulatbulgaria@alternet.lu (към 22.10.2008 г.)					
0	Магдебург, Германия	Почетно консулство		188			52.19488, 11.60300	Ралф Карл Хесе<br/>гр. Магдебург (Magdeburg), консулски окръг - федерална провинция Саксония-Анхалт; An der Sülze 3, 39179 Barleben bei Magdeburg; тел.: (0049) (392) 037-57-955, (0049) (392) 038-97-90; факс: (0049) (392) 038-97-91(към 08.12.2008 г.),: (0049) (392) 037-57-956/7; www.honorarkonsulat-in-sachsen-anhalt.de; e-mail: ralf.hesse@honorarkonsul.de; ralf.hesse@honorarkonsul-in-sachsen-anhalt.de; www.honorarkonsulat-in-sachsen-anhalt.de; ralf.hesse@pera-gmbh.de (към 08.12.2008 г.); www.pera-gmbh.de (към 08.12.2008 г.); (Arbeitszeit 8.00 bis 16.30; към 22.10.2008 г.)					
0	Манила, Филипините	Почетно консулство					14.54610, 121.02367	Рене Л. Ледесма (Rene’L. Ledesma)<br/>гр. Манила, консулски окръг – територията на Република Филипини Mr. Rene’L. Ledesma Honorary Consulate of the Republic of Bulgaria to the Philippines - No.6 Lippay Street, San Lorenzo Village, Makati City, Manila Philippines тел.: (0063) (2) 817-5449, (0063) (2) 812-1169/1173, ф.: (0063) (2) 812-8895 e-mail: renelledesma@yahoo.com (e-mail на съпругата на г-н Ледесма): Fortune Aleta Ledesma – fortuneledesma@yahoo.com					
0	Манчестър, САЩ	Почетно консулство		274			44.3243, -69.861	Дейвид Томас Фланаган (David T. Flanagan)<br/>гр. Манчестър (city of Manchester), консулски окръг – територията на щата Мейн (Maine) PO Box 447 Manchester, ME 04351 тел.: (001) (207) 724-2042, ф.: (001) (207) 724-2043, e-mail: Dtflan1234@aol.com					
0	Марсилия, Франция	Почетно консулство		334			43.29845, 5.37425	Дени Дансет (Denis Danset)<br/>гр. Марсилия, консулски окръг – Прованс-Алп-Кот-д’Азюр, включващ прилежащите 6 департамента, и Лангедок-Русийон, включващ прилежащите 5 департамента M. Denis Danset Consul Honoraire de la République de Bulgarie World Trade Center, 2, rue “Henri Barbusse“ 13 421 Marseille Cedex 01 France тел.: (0033) (6) 08-25-73-72, ф.: (0033) (4) 91-71-34-90, e-mail: ddanset@club-internet.fr 					
0	Маскат, Оман	Почетно консулство					23.6215, 58.5012	Мунир Ахмед Сюле/айман (Muneer Ahmed Sulaiman)<br/>гр. Маскат, консулски окръг – територията на Султаната Оман Mina Al Fahal, P.O.Box 508, P.C. 116, Sultanate of Oman; тел.: (00968) (2) 456-76-48/456-61-71/456-57-56, ф.: (00968) (2) 456-29-48, (мобилен) (00968) (99)-229-111, e-mail: munir1@omantel.net.om					
0	Мисисага, Канада	Почетно консулство					43.6346, -79.7870	Игнат Христов Канеф (Ignat Kaneff)<br/>гр. Мисисага, консулски окръг – провинция Онтарио Mr. Ignat Kaneff Honorary Consul of the Republic of Bulgaria, Ignat Kaneff – President, Kaneff Group of Companies, 8501 Mississauga Road, Suite 200, Brampton, Ontario L6Y 5G8, Canada тел.: (001) (905) 454—0221, ф.: (001) (905) 454-0297					
0	Монако, Монако	Почетно консулство					43.73422, 7.41401	Жан-Пол Картерон (Jean-Paul Carteron)<br/>Княжество Монако, консулски окръг – територията на Княжеството M. Jean-Paul Carteron Consul Honoraire de la République de Bulgarie “Le Patio Palace” 41, Avenue «Hector Otto” 9 800 Monaco, Principauté de Monaco тел.: (00377) 9770-7000, ф.: (00377) 9770-7040, e-mail: jpc@cmf.ch, summit@world-summit.org					
0	Монреал, Канада	Почетно консулство		836	265	206	45.4864, -73.5880	Георги Борисов Паничерски (Georges Panitchersky)<br/>Bureau du Consul honoraire de Bulgarie; 1, Westmount Square; Bureau 1810; Montreal, Quebec, H3Z 2P9; Canada; Office Tel. + 1 514 933 0070; Mobile Tel. + 1 514 573 0360; Fax. + 1 514 935 5622; E-mail: bg.consul.mtl@gmail.com					
0	Монтевидео, Уругвай	Почетно консулство					-34.90899, -56.19346	Игор Хорхе Светогорски (Igor Jorge Svetogorsky)<br/>гр. Монтевидео, консулски окръг - територията на Уругвай Sr. Igor Jorge Svetogorsky Rio Negro 1394, Piso 3 Montevideo, Uruguay тел.: (00598) (2) 902-2210 е-mail: cónsul@bulgaria.com.uy					
0	Неапол, Италия	Почетно консулство			88	85	40.83160, 14.24397	Дженаро Фамилиети (Gennaro Famiglietti)<br/>гр. Неапол, консулски окръг – област Кампания (Campania) Avv. Gennaro Famiglietti Consolato Onorario della Repubblica di Bulgaria per la Campania Via Chiatamonte, 63-80100, Napoli тел./ф.: (0039) (081) 245-22-34, e-mail: avv.famiglietti@libero.it Джакомо Оливиери (Avv. Giacomo Olivieri) гр. Бари, консулски окръг – област Пулия (Puglia) Avv. Giacomo Olivieri Consolato Onorario della Repubblica di Bulgaria per le Regioni Puglia e Basilicata Via Papa Pio XII, 60-70100 Bari тел.: (0039) (080) 509-3950/6574, ф.: (0039) (080) 564-19-28, e-mail: giacomo.olivieri@libero.it, тел. (080) 509-6574 (към 22.10.2008 г.)					
0	Никозия, Кипър	Почетно консулство					35.1483, 33.3335	Спирос Лимбурис (Spyros Lymbouris)<br/>гр. Никозия, консулски окръг Mr Spyros Lymbouris Honorary Consul of the Republic of Bulgaria 12 Panaioti Tomazou Str. 2020 Strovolos P.O. Box 23448 Nicosia Вакис Лоизу (Vakis Loizou) гр. Лимасол, консулски окръг - територията на острова 20, Amphipoleos Street, 2025 Strovolos Nicosia, P.O.Box 21301 CY-1506 Nicosia, Cyprus тел.: (00357) (22) 58-81-15, ф.: (00357) (22) 44-23-95, e-mail: vloizou@louisgroup.com					
0	Палермо, Италия	Почетно консулство					38.13813, 13.34435	Агостино Рандацо (Agostino Randazzo)<br/>гр. Палермо (Palermo), консулски окръг – област Сицилия (region of Sicily, Sicilia) Piazza “Unità d’Italia”, 14, 90144 Palermo, служ. тел. (0039) (091) 601-52-44, (мобилен) (0039)(348) 314-78-92, Via Principe Granatelli, 86-90145 Palermo, тел.: (091) 601-53-35, ф.: (091) 601-53-26 (към 22.10.2008 г.) 					
0	Палм Спрингс, САЩ	Почетно консулство					34.06215, -118.41599	Алън Дейвид Ливи (Alan David Levy)<br/>гр. Палм Спрингс (City of Palm Springs), консулски окръг –щат Южна Калифорния (Southern California) Alan D. Levy Chairman Tishman International Companies Адрес за кореспонденция: 1801 Century Park East, Suite 1090 Los Angeles, California 90067 тел: (001) (310) 552-8100, ф.: (001) (310) 552-8188, alevy@tishmanintl.com www.tishmanintl.com; 794 N Barcelona Circle, Palm Springs, CA 92262 					
0	Панама, Панама	Почетно консулство					8.9521, -79.5337	Клаудия Любомирова Лисичкова-де Мичев (Ms Klaudia Lubomirova Lissitchkova-de Mitchev)<br/>гр. Панама, консулски окръг – територията на Република Панама Sra. Klaudia Lubomirova Lissitchkova de Mitchev, Las Cumbres, calle El Peñón, casa 374 Panamá, República de Panamá тел.: (00507) 264-9927/264-9302/268-4979, (мобилен) (00507) 6671-2073, ф.: (00507) 264-1299, e-mail: marketing@dinamis.net, klauly@gmail.com					
0	Парма, Италия	Почетно консулство					44.80122, 10.33020	Д-р Джовани Фаджоли (Dr. Giovanni Fagioli)<br/>гр. Парма, консулски окръг – област Емилия-Романя (Emilia Romagna) Dott. Giovanni Fagioli Consolato Onorario della Repubblica di Bulgaria per la Regione Emilia Romagna Borgo XX Marzo n.2, 43100 Parma, Italia; Тел.: (0039) (0522) 90-56-01, ф.: (0039) (0522) 90-55-85, e-mail: giovanni.fagioli@snatt.it 					
0	Питсбърг, САЩ	Почетно консулство					40.35365, -80.03940	Патриция Пенка Френч (Patricia Penka French)<br/>Консулски окръг: района на гр. Питсбърг и Западна Пенсилвания със седалище град Питсбърг, Patricia Penka French 223 Allenberry Circle Pitsburgh, PA 15234, Tel: 412-831-5101, ppfrench@verizon.net 					
0	Порденоне, Италия	Почетно консулство					46.1111, 12.895	Ренцо Франческони (Renzo Francesconi)<br/>гр. Порденоне (Pordenone), консулски окръг – автономна област Фриули –Венеция Джулия ул. “Клауцето” 12/1, Спилимберго (околия Порденоне), служ. тел. (0039) (434) 22-95-01/2311/22-95-08 (Околийска управа), служ. тел. (0039) (427) 93-9196, ф.: (0039) (427) 93-91-94, (мобилен) (0039) (329) 750-37-48, e-mail: renzo.fran@tin.it					
0	Пунта Аренас, Чили	Почетно консулство					-53.16274, -70.90353	Андрес Николас Пивчевич Райчевич (Andrés Nicolás Pivcevic Rajcevic)<br/>гр. Пунта Аренас, консулски окръг - територията на рeгион Магалянес Sr. Andrés Nicolás Pivcevic Rajcevic Av. “O’Higgins” 891 Punta Arenas, Chile тел.: (0056) (61) 61-61-00, ф.: (0056) (61) 61-61-10, e-mail: gerencia@aeroviasdap.cl, www.aeroviasdap.cl					
0	Рейкявик, Исландия	Почетно консулство					64.14238, -21.8918	Бьорголфур Гудмундсон (Björgólfur Guðmundsson)<br/>гр. Рейкявик Mr. Björgólfur Guðmundsson Honorary Consul of the Republic of Bulgaria Sigtun 42, 2nd floor 105 Reykjavik Iceland тел.: (00354) 414-6000/6010, ф.: (00354) 414-6020, (мобилен) (00354) 892-7747, e-mail: bg@hansa.is, bg@landsbanki.is					
0	Ресифе, Бразилия	Почетно консулство					-8.1077, -34.8890	Дурвалино Андреоти<br/>гр. Ресифе, консулски окръг – щатите Пернамбуко, Параиба и Алагоас Sr. Durvalino Andreotti Rua Zeferino Galvão, 100, apto. 601 – Edificio Baleares – Boa Viagem Recife – PE - CEP. 51-111-110; тел.: (0055) (81) 332-50-735/332-55-886; e-mail: andreot@uol.com.br; Nina Grigorova (secretary to Mr. Andreotti) Rua México, 21 – Sala 1601 – Centro СЕР 20031-144 – Rio de Janeiro – RJ; Офис на почетния консул в Ресифе: Av. Marechal Mascarenhas de Morais, 2314 – Casa					
0	Рига, Латвия	Почетно консулство					56.9528, 24.1230	Маирита Солима (Mairita Solima)<br/>гр. Рига, консулски окръг - територията на Република Латвия Doma laukums/square 1 Riga, LV-1050 Latvija тел. (00371) (7) 211-776, ф. (00371) (7) 503-326, (мобилен) (00371) (9) 175-000, e-mail: mairita@gutenbergs.lv					
0	Рио де Жанейро, Бразилия	Почетно консулство					-22.91193, -43.17419	Жоао Жилберто Ваз<br/>гр. Рио де Жанейро, консулски окръг – щат Рио де Жанейро; тел.: (0055) (21) 253-23-912/253-24-604; http: www.bulgariario.org.br; e-mail: brazsat@aol.com, nina@bulgariario.org.br					
0	Сакраменто, САЩ	Почетно консулство					38.5688, -121.4261	Брукс Олсън (Brooks Ohlson)<br/>гр. Сакраменто, консулски окръг – щат Северна Калифорния Brooks D. Ohlson World Trade Center, Northern California Chapter 917 Seventh St. Sacramento, CA 95814, 1410 Ethan Way, Sacramento, CA 95825, тел.: (916) 563-3222, ф.: (916) 563-3264, ohlsonb@losrios.edu (към окт. 2008 г.) тел. (001) (916) 447-9827, ф. (001) (916) 443-2672, e-mail: bohlson@norcalwtc.org 					
0	Сан Марино, Сан Марино	Почетно консулство					43.93653, 12.44673	Д-р Джанфранко Сантолини (Dott./Dr. Gianfranco Santolini)<br/>гр. Сан Марино, консулски окръг - територията на Република Сан Марино Dott. Gianfranco Santolini Consolato Onorario per la Repubblica di San Marino P.O.Box 47890 Piazza della Libertà, 8 San Marino тел.: (0039) (054) 987-91-82, e-mail: cristinasantolini@omniway.sm, Via Giovanni da Lgnano, 47890 San Marino, тел.: (0039) (010) 570-41-09, ф.: (0039) (010) 541-195					
0	Сеул, Корея	Почетно консулство					37.49748, 127.03013	Ким Хи-Юн (Kim Hi-Yong) <br/>гр. Сеул, консулски окръг – Сеул Mr. Kim Hi-Yong Tong Yang Moolsan Co. Ltd., KTB Network B/D, 12 floor, 826 824-14 Yeoksan-dong, Kangnam-gu, Seoul, Republic of Korea, C.P.O. Box 2270, тел.: (0822) 346-63-300, ф.: (0822) 346-63-330, e-mail: khy@tym.co.kr					
0	Силкеборг, Дания	Почетно консулство					56.16755, 9.54826	Йеспер Вестергорд Хансен<br/>гр. Силкеборг, консулски окръг – Южна Ютландия, обхващащ областите Фюн, Рибе, Южна Ютландия, Вайле и община Силкеборг – област Орхус; Jesper Vestergaard Hansen Tvaergade 15 A, P.O.Box 827, DK-8600 Silkeborg, Denmark; тел.: (0045) 8681-3888; факс: (0045) 8681-3114; мобилен: (0045) 4019-3885; е-mail: deg@dega.dk, Jesper.v.hansendk@mail.dk					
0	Талин, Естония	Почетно консулство					59.42832, 24.70396	Хайки Краних<br/>гр. Талин (Tallinn), консулски окръг – територията на Република Естония Mustamäe tee 4, 10621 Tallinn; Тел.: (00372) (5) 073-734, (00372) 611-58-43 (към 04.11.2008 г.); e-mail: heiki@kranich.ee					
0	Текирдаг, Турция	Почетно консулство		1090	487	518	40.9831, 27.5163	Джемалеттин Услу (Cemalettin Uslu)<br/>гр. Текирдаг, консулски окръг – областите Текирдаг, Чанаккале и Къркларели Cemalettin Uslu Tekirdağa, Fahri konsolosluk Turgut mahallesi, Rihtim caddesi, 13/12 or Cum. Meydani Belediye Cad. Oral Pasaji 27, Tekirdağa Turkiye тел./ф.: (0090) (282) 261-94-87 Zidanati Cad. Konukserver iş Merkezi Kat: 1 Edirne тел./ф.: (0090) (284) 214-72-21 Ismail Cin is Merkezi (2.Noter Üzeri) 26 Kat 2 Çorlu тел./ф.: (0090) (282) 651-85-82, (мобилен) (0090) (533) 690-91-92, e-mail: c.uslu@hotmail.com 					
0	Тел Авив, Израел	Почетно консулство					32.05504, 34.86900	Марсел Самуелов<br/>гр. Тел Авив, консулски окръг – Тел Авив и района Гуш Дан Мони Леон Бар (Moni Leon Barr, Moni Shlomo Barr – във формуляра за срещата на поч. консули на 14-16.1.2009 г.) гр. Еърпорт (Airport City), консулски окръг – Южен Израел; (Southern Israel), (мобилен) (00972)547 33 23 39 Hadagan St. 17 Savyon, Israel, тел.: (00972) (3) 535-13-95 (дом.), (служ.) (00972) (3) 935-00-70, ф.: (00972) (3) 935-01-70, (мобилен) (00972) 547-332-339					
0	Торино, Италия	Почетно консулство					45.06713, 7.6652	Д-р Джовани Сторнело (Dr. Giovanni Stornello)<br/>гр. Торино, консулски окръг – област Пиемонте (Piemonte) Dott. Giovanni Stornello Consolato Onorario della Repubblica di Bulgaria per il Piemonte e la Valle D’Aosta Corso Vittorio Emanuele II, 111-10100 Torino тел.: (0039) (011) 538-166, (0039) (011) 543-8833 (към 22.10.2008 г.), ф.: (0039) (011) 517-6647, e-mail: gstornello@eurost.191.it 					
0	Тревизо, Италия	Почетно консулство					45.66571, 12.23092	Д-р Джорджо де Фавери (Dr. Giorgio De Faveri)<br/>гр. Тревизо, консулски окръг – област Венето (Veneto) Dott. Giorgio de Faveri Consolato Onorario della Repubblica di Bulgaria per la Regione Veneto Viale Appiani, 11-31100 Treviso тел.: (0039) (0422) 234-907, ф.: (0039) (0422) 431-593, e-mail: giodetfav@tin.it, defaveri@tin.it					
0	Уиндхук, Намибия	Почетно консулство					-22.5643, 17.0673	Арх. Михаил Николов Михайлов (Mihail Nikolov Mihaylov)<br/>гр. Уиндхук (Windhoek), консулски окръг – територията на Република Намибия 17, Bach Str., P.O. Box 24449, Windhoek, Namibia, тел./ф.: (0026461) 24-63-33, (мобилен) (0026481) 269 26 55, (0895) 84-51-84					
0	Филаделфия, САЩ	Почетно консулство					39.9190, -75.3921	Стивън Мак Юън (Stephen J. Mcewen, Jr.)<br/>гр. Филаделфия, консулски окръг – щат Пенсилвания Stephen J. McEwen, Jr., Delaware County Court House 201 West Front Street Media, PA 19063-2708 тел.: (001) (610) 891-4000, e-mail: webmaster@superior.court.state.pa.us; тел.: (001) (610) 565-9191, ф.: (001) (610) 656-9385, stephen.McEwen@pacourts.us (към окт. 2008 г.)					
0	Флорианополис, Бразилия	Почетно консулство					-27.59649, -48.54538	Ренато Илиефф<br/>гр. Флорианополис, консулски окръг – щатите Санта Катарина и Рио Гранде до Сул; Av. Ercilio Lus 917 – Centro 88020-001 Florianópolis – Santa Catarina; тел.: (0055) (48) 223-3395/998-28-448/4734444; e-mail: ilieff@ig.com.br					
0	Фукуока, Япония	Почетно консулство					33.5900, 130.4237	Шиничи Мунемаса (Shinichi Munemasa)<br/>гр. Фукуока (Fukuoka), консулски окръг – 12 префектури на островите Кюшу и Окинава (Kyushu-Okinawa) и Шикоку (Shikoku) в Югозападна Япония: Kagawa, Tokushima, Kochi, Ehime, Fukuoka, Saga, Nagasaki, Kumamoto, Oita, Miyazaki, Kagoshima и Okinawa Mr. Shinichi Munemasa Sanix Incorporated 2-1-23 Hakataeki-higashi, Hakata-ku Fukuoka-shi, Fukuoka prefecture 812-0013 Japan служ. тел. (0081) (92) 436 8842, ф. (0081) (92) 436 8812, e-mail: postmaster@sanix.co.jp					
0	Хайдерабад, Индия	Почетно консулство					17.4263, 78.5340	Д-р Ядугири Киран Кумар (Dr. Yadugiri Kiran Kumar)<br/>гр. Хайдерабад; консулски окръг – територията на индийския щат Андра Прадеш; 50-B, Journalist Colony; Near Apollo Cross, Film Nagar; Jubilee Hills; Hyderabad – 500 096, Andhra Pradesh; India; Tel:   +91 40 6613 5000, +91 40 6613 6000; Fax:   +91 40 6613 9000; E-mail: drykiron@gmail.com					
0	Хамбург, Германия	Почетно консулство		437			53.55218, 9.99758	Проф. д-р Герд-Винанд Имайер<br/>гр. Хамбург, консулски окръг - федерални провинции Хамбург, Шлезвиг-Холщайн, Долна Саксония и Бремен; Alstertor 15, 20095 Hamburg; Neue Rabenstrasse 28 Bundesrepublik Deutschland; тел.: (0049) (40) 410-35-12/411-91-204; факс.: (0049) (40) 413-53-528; мобилен: (0049) (171) 324-11-35; Frau Grell; факс: (0040) 413-53-528; мобилен: (0040) (0171) 324-11-35 (към 22.10.2008 г.)					
0	Цюрих, Швейцария	Почетно консулство		313	184	171	47.37409, 8.54335	Д-р Феликс Фишер (Dr. Felix Fischer)<br/>гр. Цюрих, консулски окръг – кантоните Цюрих, Базел-град, Базел-област, Солотурн, Ааргау, Шафхаузен, Тургау, Санкт Гален, Апенцел-Аусерроден, Апенцел-Инерроден Dr.Felix Fischer Rechtsanwalt Honorarkonsul der Republik Bulgarien Limmatquai 94 CH-8023 Zürich, Suisse тел.: (0041) (44) 711-71-71 ф.: (0041) (44) 711-71-11, e-mail: fischer@bodmerfischer.ch 					
0	Ялеруп, Дания	Почетно консулство					57.1689, 10.1464	Оле Кристенсен<br/>гр. Ялеруп, консулски окръг – Северна Ютландия, обхващащ областите Виборг, Рингкьобинг и Орхус, с изключение на община Силкеборг; тел.: (0045) 98-28-21-11; факс: (0045) 98-28-30-21; мобилен: (0045) (40) 16-48-11; e-mail: info@hydro-x.com					
9	Австралия, Канбера	Посолство		26	24	21	-35.35840, 149.10807	Адрес:ул. „Пиндари кресънт” № 29, квартал О’Мали<br/>Canberra, Australia<br/>тел.:+61 2 62869700 и +61 2 62869877<br/>Fax: 061/2/62869600<br/>e-mail:Embassy.Canberra@mfa.bg					
10	Виена, Австрия	Посолство	465	1333	894	777	48.231890444121,16.337185147603	Schwindgasse 8, 1040 Wien Osterreich<br/>(0043-1) 505-31-13	505-25-57	 505-64-44 Fax: (00431) 505-14-23 e-mail: Embassy.Vienna@mfa.bg			
11	Тирана, Албания	Посолство		90	80	43	41.355922736497,19.829505894744	Ул. "Скендърбег" № 12<br/>Република Албания, Тирана<br/>тел.: + 355 4 22 33 155	 + 355 4 22 32 906 Fax: + 355 4 22 32 272 e-mail:Embassy.Tirana@mfa.bg				
12	Алжир, Алжир	Посолство		30	46	35	36.835208114079,3.0970586011816	Адрес: 13, bd Colonel Bougara, Alger - centre<br/>тел.: 00 213 21/23 00 14, 00 213 21/23 01 21<br/>Fax: 00 213 21/23 05 33<br/>e-mail: Embassy.Algiers@mfa.bg					
13	Луанда, Ангола	Посолство					22.218303730422,113.4666031476	42-44 Fernao Mendes Pinto Street<br/> P.O.Box 2260<br/> Tel: (+244 2) 32 40 94<br/> Fax: (+244 2) 32 42 13<br/> E-mail:bulgembluanda@yahoo.com					
14	Буенос Айрес, Аржентина	Посолство			37	30	-34.55915, -58.44677	Адрес: улица "Маршал Антонио Хосе де Сукре" № 1568 ( квартал "Белграно") , пощенски <br/>код C 1428 DUT, гр. Буенос Айрес, Република Аржентина <br/>тел.: ( 00 54 11 ) 4781 - 86 - 44 и 4786 - 62 - 73 <br/>Fax: ( 00 54 11 ) 4781 - 12 - 14 <br/>e-mail: Embassy.BuenosAires@mfa.bg					
15	Ереван, Армения	Посолство					40.113398078424,44.580415854058	16 Sofia str., Nor Aresh<br/> Тел.: 00374 10 458 233<br/> Факс: 00374 10 454 602<br/> E-mail:Embassy.Yerevan@mfa.bg					
16	Кабул, Афганистан	Посолство	111	154	214	136	34.508944258319,69.251689334421	Адрес: Kabul, Wazir Akbar Khan Mina, Str.15<br/>тел.: 0093 202 103 148	 0093 707 826 262 Fax: 0093 202 101 089 e-mail: Embassy.Kabul@mfa.bg				
17	Минск, Беларус	Посолство					220030 53.90421, 27.55420	Адрес: 220030 код, Минск, Република Беларус<br/>пл. "Свобода" 11, 1 ет.<br/>тел.: 00 375 17 328 65 58	 00 375 17 328 65 61 Fax: 00 375 17 328 65 59 e-mail: Embassy.Minsk@mfa.bg				
18	Брюксел, Белгия	Посолство	558	1989	1132	885	50.803346723796,4.3829036934538	<br/>58, Avenue Hamoir, 1180 Uccle Bruxelles, Royaume de Belgique<br/>Tел. - централа: (0032 2) 374 59 63, 375 70 81<br/>E-mail: Embassy.Brussels@mfa.bg<br/>URL: www.bulgaria.be					
19	Бразилия, Бразилия	Посолство					-15.7932, -47.8746	Адрес: SEN 8 - Asa Norte<br/>Bras�lia - DF<br/>CEP 70800-911<br/>Бразилия, DF, ФР Бразилия<br/>Тел.: (005561) 3223-6193, 3223-9849<br/>Факс: (005561) 3323-3285<br/>e-mail: Embassy.Brasilia@mfa.bg					
20	Лондон, Великобритания	Посолство	849	6741	1409	1356	51.580638552146,-0.18878293694628	Адрес: 186-188 Queen's Gate, London SW7 5HL<br/>тел.: 0044 2075849400, 0044 2075849433, 0044 2075813144<br/>Fax: 0044 2075844948<br/>e-mail: Embassy.London@mfa.bg<br/>Консулска служба:<br/>Тел.: 0044 2075849379, 0044 2075849400, 0044 2075849433, 0044 2075813144<br/>Индивидуални запитвания: 0044 2075893763 (13.00 ч. - 15.00 ч.)<br/>E-mail: Embassy.London@mfa.bg					
22	Ханой, Виетнам	Посолство					20.9829, 105.8497	Адрес: Ул. Нуй Чук № 5<br/>P.O. Box 10<br/>тел.: (0084 4) 38-45-29-08<br/>Fax: (0084 4) 38-46-08-56<br/>e-mail: Embassy.Hanoi@mfa.bg					
23	Акра, Гана	Посолство					5.6623360809522,-0.25362721734421	3 Kakramadu Road, East Cantonments, Accra, <br/> P.O.Box 3193<br/> Tel: (00233 21) 77-24-04<br/> Fax: (00233 21) 77-42-31<br/> E-mail:.					
24	Берлин, Германия	Посолство	392	1235	804	588	52.556530065495,13.388661450373	Адрес:Mauerstra?e 11, 10117 Berlin<br/>тел.: 030-201 09 22 (26)<br/>Fax: 030-208 68 38 <br/>e-mail: Embassy.Berlin@mfa.bg<br/>Консулска служба<br/>(030) 206 48 935	 206 48 936 Телефон при неотложни спешни случаи - след 20.00 часа и в събота, неделя и празнични дни: 0049 176 12299190				
25	Тбилиси, Грузия	Посолство			35	35	41.63805977242,44.877626916152	EMBASSY OF THE REPUBLIC OF BULGARIA IN<br/>GEORGIA, TBILISI<br/>Vakhtang Gorgasali str. ,exit № 15, 0105 Tbilisi<br/>tel: + 995 32 2910194 , 910195<br/>fax: + 995 32 2910270<br/>e-mail: bgembassy.georgia@gol.ge bgembassy.georgia@gol.ge<br/>e-mail: Embassy.Tbilisi@mfa.bg					
26	Атина, Гърция	Посолство					38.01283, 23.72425	Адрес: Палео Психико, ул. "Стратигу Калари" 33А, Атина, п.к. 15452<br/>тел.: 0030 210 6748 105/108<br/>Fax: 0030 210 6748 130<br/>e-mail:Embassy.Athens@mfa.bg					
27	Копенхаген, Дания	Посолство	89	548	270	195	55.76000, 12.56536	Embassy of the Republic of Bulgaria <br/>Gamlehave Alle 7, 2920 Charlottenlund <br/>Copenhagen <br/>DENMARK <br/>тел.: (+45) 39 642484 и (+45) 39 633872, факс: (+45) 39 634923<br/>e-mail: Embassy.Copenhagen@mfa.bg<br/>По консулски въпроси: Embassy.Copenhagen@mfa.bg<br/>По търговски въпроси: тел. + 45 41 27 80 14					
28	Кайро, Египет	Посолство					30.0636, 31.2171	Посолство на Република България, Кайро, Египет <br/><br/>EGYPT, CAIRO<br/>6 El Malek El Afdal Street, Zamalek<br/>тел.: 0020 2 27-363-025<br/>факс: 0020 2 27-363-826<br/>E-mail: Embassy.Cairo@mfa.bg					
30	Адис Абеба, Етиопия	Посолство					9.0221, 38.7469	Адрес: Bole KK, Kebele 04/06/07<br/>Tel. 0025116610032<br/>Fax 0025116616270<br/>e-mail:Embassy.AddisAbaba@mfa.bg					
31	Хараре, Зимбабве	Посолство					-17.845257048935,31.112457716541	Адрес: Ул. Маасдорп № 15, Александра Парк, Хараре<br/>Тел. 00263 4 799 761<br/>Факс. 00263 4 799 762<br/>Е-мейл: .					
32	Делхи, Индия	Посолство					28.637900069045,77.261709300159	Адрес: 16/17 Chandragupta Marg<br/>Chanakyapuri, New Delhi - 110021<br/>тел.: 0091 11 26115549	 0091 11 26115551	 0091 11 24108048 Fax: 0091 11 26876190 e-mail:Embassy.Delhi@mfa.bg			
33	Джакарта, Индонезия	Посолство					-6.2687696693658,106.85430058303	Адрес: Индонезия, 10310 Джакарта, Централна Джакарта, район Ментенг, ул. Имам Бонжол, № 34-36<br/>тел.: ( +62 21) 390 40 48	 3913130 Fax: ( +62 21) 390 40 49 e-mail:Embassy.Jakarta@mfa.bg				
34	Техеран, Иран	Посолство		42	40	19	35.730987201247,51.469448761149	Адрес: град Техеран, <br/>хиабан-е "Вали-йе аср", хиабан-е "Таванир" ("Шахид д-р Аббаспур"), куче-йе "Незами-йе Ганджави" № 40<br/>Пощенски адрес: P.O.B. - 11155-1451<br/>Пощенски код: 1434894384<br/>тел.: (009821) 8877-5662	 (009821) 8877-5037 Fax: (009821) 8877-9680 e-mail: Embassy.Tehran@mfa.bg				
35	Дъблин, Ирландия	Посолство	126	439	247	211	53.33059, -6.24704	Адрес: 22 Бърлингтън Роуд, Болсбридж, Дъблин 4, Ирландия<br/>тел.: +353 1 660 32 93, +353 1 660 30 22<br/>Fax: +353 1 660 39 15<br/>e-mail: Embassy.Dublin@mfa.bg					
36	Мадрид, Испания	Посолство	690	2285	924	971	40.463385215114,-3.7600911111422	Адрес: Travesia de Santa Maria Magdalena № 15<br/>Madrid 28016, Espana<br/>Тел.: +34 913 455 761, Тел.: +34 913 456 651, Тел.: +34 913 597 611<br/>Тел: : +34 913 598 300- консулски въпроси<br/>Факс: +34 913 591 201<br/>E-mail: Embassy.Madrid@mfa.bg					
37	Сана, Йемен	Посолство					15.30115, 44.19688	Адрес:P.O.Box 1518<br/>Area "Asr", 4 th Str., Residence No5<br/>Sana'a , Yemen<br/>тел.: ++ 967 1 208469	 ++ 967 1 206164	 ++ 967 1 208469 Fax: ++ 967 1 207924 e-mail:Embassy.Sanaa@mfa.bg			
38	Аман, Йордания	Посолство					31.9570, 35.9455	Адрес: П.K.: 95 05 78, Ул. "Мусeл" № 7<br/>11 195 Аман<br/>Хашемитско кралство Йордания<br/>тел.: 00962 6 553 93 92	 00962 6 552 93 91 Fax: 00962 6 553 93 93 e-mail: Embassy.Amman@mfa.bg Телефон на консулската служба: 00962 6 552 93 91				
39	Пном Пен, Камбоджа	Посолство					11.652505614092,104.82952913891	Адрес: Norodom Blvd. N- 227 / 229<br/>Тел.: + 855 23 217 504<br/>Факс: + 855 23 212 792<br/>E-mail: Embassy.Phnompenh@mfa.bg					
40	Отава, Канада	Посолство		199	110	95	45.461193782312,-75.730296915677	Адрес: 325 Stewart Street, Ottawa, Ontario, K1N 6K5, Canada<br/>тел.: 001- 613 789 3215 <br/>e-mail: Embassy.Ottawa@mfa.bg					
41	Доха, Катар	Посолство			57	53	25.3183, 51.5210	Адрес на посолството: <br/>P.O. Box 23812, Doha, State of Qatar<br/>Dafna, West Bay<br/>Ezdan Hotel and Suites,<br/>Tower 4, 1st Floor, Office 123<br/>Tel.: (+974) 44120023, Fax.: (+974) 44120024, Email: Embassy.Doha@mfa.bg<br/>Работно време на посолството: 08.00 - 14.30 ч. (неделя до четвъртък)					
42	Никозия, Кипър	Посолство	188	1153	586	661	35.092643686543,33.378334134364	Адрес: Кипър, <br/>гр. Никозия, кв. Енгоми - 2406.<br/>ул. "Константину Палеологу" № 13, <br/>тел.: (+357) 22 67 27 40	 22 67-24-86 Fax: (+357) 22 67 65 98 e-mail: Embassy.Nicosia@mfa.bg				
43	Пекин, Китай	Посолство	23	50	50	42	39.94874854747,116.3495591674	Адрес:"XIU SHUI BEI JIE" № 4, BEIJING 100600, CHINA<br/>тел.: (0086 10) 6532-19-16	 (0086 10) 6532-19-46	(00359 2) 402-88-15 Fax: (0086 10) 6532-45-02 Консулска информация: (0086 10) 6532-77-93 (0086 10) 6532-77-94 e-mail: Embassy.Beijing@mfa.bg			
44	Сеул, Корея	Посолство		24	30	27	37.53495,127.00946	Адрес: 723-42, Hannam 2-dong, Yongsang-ku,<br/>Seoul 140-894, Republic of Korea <br/>тел.: (+82-2) 794-8625/6 <br/>Fax: (+82-2) 794-8627<br/>e-mail:Embassy.Seoul@mfa.bg					
45	Хавана, Куба	Посолство					23.1170,-82.3886	Calle "B" №252, Entre 11 y 13, Vedado, La Habana 4<br/> Тел.: (+53 7) 8333125<br/> Тел.: (+53 7) 8333126<br/> Факс: (+53 7) 8333297<br/> E-mail: Embassy.Havana@mfa.bg					
46	Кувейт, Кувейт	Посолство		123	78	72	29.3199, 48.0239	Адрес: P.O.Box 12090 - Shamia 71651<br/>Kuwait, Jabriya, Area 11, Str.1, (H. 272)<br/>Tel.:(00965) 253 144 58/59<br/>Fax: (00965) 253 214 53<br/>E-mail: Embassy.Kuwait@mfa.bg					
47	Триполи, Либия	Посолство		124			32.8855, 13.1952	Адрес: Ул. "Салма Бен Ал-Укуа", Район - Бен Ашур<br/>тел.: 00218 21 360-99-88	 00218 21 360-56-25 Fax: 00218 21 360-99-90 e-mail: Embassy.Tripoli@mfa.bg				
48	Бейрут, Ливан	Посолство		41	82	48	51.522142417113,-0.13443624887179	Адрес: Embassy of the Republic of Bulgaria in Lebanon, Beirut, <br/>Mount Lebanon, Hazmieh, Mar Takla, sector 6, st 44., POB 11-6544<br/>тел.: 00961 5 452 883	 00961 5 453 658. Fax: 00961 5 452 892, 00961 5 452 949 e-mail: Embassy.Beirut@mfa.bg				
49	Скопие, Македония	Посолство	81	180	108	106	42.058002216099,21.420976582515	Адрес: Скопие, ул. "Златко Шнайдер" № 3<br/>тел.: 00389 2/ 3 229 444	 3 246 491	 3 246 494 Fax: 00389 2/ 3 246 493 e-mail:Embassy.Skopje@mfa.bg			
50	Рабат, Мароко	Посолство		57	52	59	33.928144501408,-6.8614328887231	Адрес: Rabat 4, Avenue Ahmed Liyzidi (Ex Meknes), B.P.1301<br/>тел.: (+ 212 537) 76 54 77	 (+ 212 537) 76 40 82 Fax: (+ 212 537) 76 32 01 e-mail: Embassy.Rabat@mfa.bg				
51	Мексико, Мексико	Посолство			31	28	19.384433206157,-99.254472426172	Адрес: Paseo de la Reforma 1990<br/>Col. Lomas de Chapultepec<br/>Del. Miguel Hidalgo<br/>c.p. 11000, Mexico D.F.<br/>тел.: (0052 55) 5596 3283, (0052 55) 5596 3295<br/>Fax: (0052 55) 55961012<br/>e-mail: Embassy.Mexico@mfa.bg <br/>					
52	Кишинев, Молдова	Посолство		351	345	282	46.987905727336,28.867539357221	Адрес: Посолство MD 2012, Кишинев, ул. Букурещ № 92<br/>Консулска служба: MD 2012, Кишинев, ул. Михай Еминеску № 4<br/>тел.: 00 373 22 23 89 10	 00 373 22 23 79 83 Консулска служба - 00 373 22 22 36 72 Fax: 00 373 22 23 79 78 Консулска служба: 00 373 22 36 70 e-mail: Embassy.Chisinau@mfa.bg				
53	Улан Батор, Монголия	Посолство					47.834866190276,106.948667391	Адрес: Ул. Олимпик № 8, Улан Батор 13, <br/>п. к. 702<br/>тел.: 00976 11 322 259<br/>Fax: 00976 11 322 841<br/>e-mail:Embassy.UlanBator@mfa.bg					
54	Абуджа, Нигерия	Посолство		37	37	34	9.0168842932053,7.5581722593208	Адрес: Ул. Ефрат № 10, Майтама, Абуджа<br/>тел.: 00234 9 413 00 35	 00234 8033078579	 00234 8033078578 Fax: 00234 9 413 27 41 e-mail на Посолството : Embassy.Abuja@mfa.bg e-mail на конс.служба :Embassy.Abuja@mfa.bg			
55	Осло, Норвегия	Посолство					59.916299091064,10.68942322384	Адрес: Tidemandsgate 11, 0244 Oslo<br/>тел.: + 47/22 55 40 40<br/>Fax: + 47/22 55 40 24<br/>e-mail: Embassy.Oslo@mfa.bg					
56	Исламабад, Пакистан	Посолство					33.7213, 73.0974	Адрес: Plot 6-11 Diplomatic Enclave Ramna-5<br/>Тел.: (0092 51) 227 91 96<br/>Тел.: (0092 51) 227 91 97<br/>Факс: (0092 51) 227 91 95<br/>E-mail: Embassy.Islamabad@mfa.bg					
57	Варшава, Полша	Посолство	87	145	128	98	52.151636384895,20.937612472797	Адрес:Ambasada Republiki Bulgarii<br/>Al. Ujazdowskie 33/35<br/>00-540 Warszawa<br/>Poland<br/>тел.: 0048 22 629-40-71 до 75 вкл.<br/>Fax: 0048 22 628-22-71<br/>e-mail:Embassy.Warsaw@mfa.bg					
58	Лисабон, Португалия	Посолство	100	287	186	166	38.647814371983,-9.1261295998974	Адрес: ул. "Сакраменто а Лапа", № 31, 1200-792 Лисабон, Португалия<br/>тел.: (+351) 213 976 364	 (+351) 213 976 367 Fax: (+351) 213 979 272 e-mail: Embassy.Lisbon@mfa.bg Дежурен мобилен телефон за спешни случаи, след работно време и в почивни и празнични дни. 00351 933 611 337				
59	Букурещ, Румъния	Посолство	83	173	77	78	44.362437561748,26.024618585982	Адрес: гр. Букурещ, ул. "Рабат" № 5.<br/>Консулска служба: гр. Букурещ, ул. "Василе Ласкар" № 32.<br/>тел.: 004021/230 21 50	 230 21 59	 Fax: 00421/230 7654	 e-mail:Embassy.Bucharest@mfa.bg Консулска служба: Телефон: 004021/318 7978	 факс: 318 7979	
60	Москва, Русия	Посолство	109	370	275	263	55.686627070399,37.566804525556	Адрес: ул. "Мосфильмовская", 66<br/>тел.: (+7 499) 143-90-22 <br/>143-90-23<br/>Fax: (+7 495) 232-33-02<br/>e-mail: Embassy.Moscow@mfa.bg					
61	Вашингтон, САЩ	Посолство		469	243	148	38.9124, -77.0486	Адрес: УЛ. "22" №1621, СЕВЕРОЗАПАД<br/>ГР. Вашингтон, ОКРЪГ КОЛУМБИЯ, П. КОД 20008<br/>САЩ<br/>тел.: +1 202 387 0174<br/>Fax: +1 202 234 7973<br/>e-mail: Embassy.Washington@mfa.bg					
62	Дамаск, Сирия	Посолство		61	61	58	33.413563720241,36.329399184209	Адрес: Дамаск, Салхия, улица "Пакистан" № 8, пощенска кутия № 2732<br/>тел.: 0096311 4454039	  00963114413128 Fax: 0096311 4419854 e-mail: Embassy.Damascus@mfa.bg				
63	Братислава, Словакия	Посолство	66	132	112	75	48.126111744047,17.078225347577	Адрес: 811 06 Братислава, Словакия<br/>ул."Кузманихо" 1<br/>тел.:+421 2/544 15 308<br/>Fax: +421 2/544 12 404<br/>e-mail: Embassy.Bratislava@mfa.bg					
64	Любляна, Словения	Посолство		106	45	40	46.007517941337,14.502865434323	Адрес: Словения, 1000 Любляна, ул. "Опекарска цеста" 35<br/>тел.: 00 386 1 28 32 899	00 386 1 28 32 900 факс: 00 386 1 28 32 901 елетронна поща: Embassy.Ljubljana@mfa.bg				
66	Тунис, Тунис	Посолство		28	51	25	36.83082, 10.17707	Адрес: 5 Rue Ryhane, Cite Mahrajene, Tunis 1082<br/>тел.: +216 71 800 980 / +216 71 798 962<br/>Fax: +216 71 791 667<br/>e-mail: Embassy.Tunis@mfa.bg					
67	Анкара, Турция	Посолство	36	1172	152	221	39.89940, 32.86056	Адрес: гр. Анкара, 06680 Каваклъдере, бул. "Ататюрк" № 124<br/>тел.: + 90 312 467 20 71, + 90 312 427 51 42<br/>Fax: + 90 312 467 25 74 <br/>e-mail: Embassy.Ankara@mfa.bg					
68	Ташкент, Узбекистан	Посолство					41.254763693644,69.19590912964	Адрес: Узбекистан, гр.Ташкент 100031, ул. "Ракатбоши" 52 (бивш. "Шпилкова")<br/>тел.: (998 71) 256 48 88<br/>Fax: (998 71) 120 33 73<br/>e-mail:Embassy.Tashkent@mfa.bg					
69	Киев, Украйна	Посолство	35	129	53	48	50.43730, 30.52519	АДРЕС: П.К. 01023, ГР.КИЕВ, УКРАЙНА<br/>УЛ. "ГОСПИТАЛЬНАЯ" № 1<br/>ТЕЛ 246 72 37	 246 76 72 ФАКС: 235 51 19	 ФАКС - КОНСУЛСКА СЛУЖБА - 234 99 29 е-mail: Embassy.Kiev@mfa.bg			
70	Будапеща, Унгария	Посолство	121	221	124	109	47.51201, 19.0742	Адрес: бул. Андраши № 115, 1062 Будапеща, Република Унгария<br/>тел.: 0036 1 322 08 24, 322 08 36, 342 37 38<br/>Fax: 0036 1 322 52 15<br/>e-mail: Embassy.Budapest@mfa.bg					
71	Хелзинки, Финландия	Посолство		107	119	96	60.088823958382,24.943609035902	Адрес:Kuusisaarentie 2 B, 00340 Helsinki<br/>тел.: + 358 9 458 40 55, 458 40 35<br/>Fax: + 358 9 458 45 50<br/>e-mail: Embassy.Helsinki@mfa.bg					
72	Париж, Франция	Посолство	674	1670	917	895	48.869414721951,2.2295504432775	Адрес: Ambassade de Bulgarie<br/>1, avenue Rapp<br/>75007 Paris <br/>тел.: 00 33 - 1 45 51 85 90<br/>Fax: 0033 - 1 45 51 18 68<br/> Embassy.Paris@mfa.bg<br/>					
73	Сантяго, Чили	Посолство		31			-33.61717, -70.70361	Адрес: Сантяго, ул. "Лота" 2284, Провиденсия<br/>тел.: /+56 2/ 421-12-44, /+ 56 2/470-95-10<br/>Fax: /+56 2/ 421-12-45, <br/>e-mail:Embassy.Santiago@mfa.bg					
74	Берн, Швейцария	Посолство	59	153	114	102	47.011272814506,7.3952940502223	Адрес: Switzerland, 3005 Bern, Bernastrasse 2-4<br/>Тел.: (0041) 31 351 14 55, 56<br/>Факс: (0041) 31 351 00 64<br/>E-mail : Embassy.Bern@mfa.bg					
75	Стокхолм, Швеция	Посолство	99	283	203	142	59.286275767998,17.971917900815	Адрес: ул. "Карлавеген" № 29<br/>11 431 Стокхолм<br/>ШВЕЦИЯ<br/>Тел. +46 8 723 09 38<br/>Тел. +46 8 20 67 13 (Консулска служба)<br/>Fax: +46 8 21 45 03<br/>e-mail: Embassy.Stockholm@mfa.bg					
76	Токио, Япония	Посолство		87	45	40	35.597997588281,139.60272023681	Адрес: 5-36-3, Yoyogi, Shibuya-ku<br/>Tokyo 151-0053<br/>тел.: (0081 3) 3465-10-21<br/>Fax: (0081 3) 3465-1031 <br/>e-mail: Embassy.Tokyo@mfa.bg					
77	Бон, Германия	Дипломатическо бюро	190	1030	441	344	50.604666403658,7.2154722486967	Auf der Hostert 6, 53173 Bonn<br/>Bundesrepublik Deutschland<br/>тел.: (0049 228) 36 30 61 �� 64<br/>fax: (0049 228) 35-82-15 <br/>e-mail: Mission.Bonn@mfa.bg					
78	Мюнхен, Германия	Генерално консулство	380	1628	789	633	48.179727595178,11.417937823642	Адрес: Walhallastr. 7, 80639 Munchen <br/>тел.: +49 (0)89 17117614	 +49 (0) 89 17117615 Консулска служба: +49 (0)89 155028, Fax: +49 (0)89 155006	 +49 (0)89 155026 e-mail: Consulate.Munchen@mfa.bg Телефон само за спешни случаи в почивните дни:	+49 (0)172 888 10 56 Приемно време на Консулска служба: понеделник, вторник, четвъртък и петък от 09.30 до 12.30 часа и сряда от 14.00 до 16.30 часа.	 Телефонна информация по консулски въпроси: понеделник, вторник и четвъртък от 14.00 до 15.30 часа	 Автоматична телефонна информация: по всяко време на телефон +49 (0)89 17117617"""
79	Солун, Гърция	Генерално консулство	210	599	236	191	40.6416, 22.9340	ул. Н. Ману N12, ул. Е. Абот N1<br/>Пощенски код: 54643 Солун<br/>Тел.: 0030 2310 829210, <br/>Тел.: 0030 2310 869 495<br/>Моб.: 0030 6973 550133<br/>Спешен денонощен телефон<br/>Факс: 0030 2310 854 004<br/>E-mail:consulate.thessaloniki@mfa.bg					
80	Валенсия, Испания	Генерално консулство		1119	464	495	39.500063730632,-0.4474014203284	Адрес: Consolado General de la Republica de Bulgaria <br/>c./ Antonio Suarez, 48<br/>46021 Valencia, Espana<br/>тел.: /0034/ 96 3691788	 /0034/ 96 3690921 Fax: /0034/ 96 3891357 e-mail: Consulate.Valencia@mfa.bg				
81	Торонто, Канада	Генерално консулство		947	256	213	43.70746, -79.34340	Адрес: "Овърли" Булевард № 65, ап.230<br/>гр.Торонто, провинция Онтарио <br/>п к : М4H 1P1<br/>тел.: 416 696-2420<br/>Fax: 416 696-8019<br/>e-mail: Consulate.Toronto@mfa.bg					
82	Шанхай, Китай	Генерално консулство		19			731.1912, 121.3766	7K, Hongqiao Business Center, No. 2272 Hongqiao Road<br/>Tel.: 0086-21-6237 6183<br/>Tel.: 0086-21-6237 6187<br/>Fax: 0086-21-6237 6189<br/>E-mail: Consulate.Shanghai@mfa.bg					
83	Битоля, Македония	Генерално консулство		95	72	30	41.03018, 21.34487	Адрес: бул. "Први май" № 53, Битоля 7000, Република Македония<br/>тел.: 00389 47 202 - 963	 202 - 964	 202 - 893	 202 - 894 Fax: 00389 47 202 947 e-mail:Consulate.Bitola@mfa.bg		
85	Новосибирск, Русия	Генерално консулство					55.03220, 82.93326	Адрес: Русия<br/>Град Новосибирск<br/>Индекс 630099<br/>Ул. Семьи-Шамшинъх 30<br/>тел.: +7 383 2034993<br/>Тел. +7 383 2034994<br/>Fax: +7 383 2034997<br/>e-mail:					
86	Лос Анжелис, САЩ	Генерално консулство		296	97	81	34.006352377959,-118.56021662978	Адрес: Consulate General of the Republic of Bulgaria <br/>11766 Wilshire Blvd., Suite 440<br/>Los Angeles, CA 90025, USA<br/>тел.: 001 310 478 6700 <br/>001 310 437-3606 - мобилен телефон за спешни случаи<br/>Fax: 001 310 478 6277<br/>e-mailConsulate.LosAngeles@mfa.bg					
87	Санкт Петербург, Русия	Генерално консулство		51	38	43	53.285132039013,34.505224844059	190 000 ул."Рылеева" 27<br/>Тел: (007 812) 401-01-52<br/>Факс: (007 812) 272-57-18<br/>E-mail: Consulate.Petersburg@mfa.bg<br/>Визова информация: +7(812) 655 02 89 - от 9.00ч. до 16.00ч. <br/>(понеделник-петък, без обедна почивка)					
88	Ню Йорк, САЩ	Генерално консулство					40.827374893052,-73.878023104463	Генерално консулство на Р България в Ню Йорк, САЩ<br/> Aдрес: 121 East 62nd Street, New York, NY 10065<br/> Представителство (цетрала) - 001 212 935 4646<br/> Факс - 001 212 319 5955<br/> Е-mail:consulate.newyork@mfa.bg					
89	Чикаго, САЩ	Генерално консулство		887	96	93	42.043954568904,-87.800731090942	737 N. Michigan Avenue,<br/>Olympia House, Suite 2105<br/>Chicago, IL 60611<br/>тел.:(312) 867-1904	 (312) 867-1905 Fax: (312) 867-1906 e-mail:consulate.chicago@mfa.bg				
90	Истанбул, Турция	Генерално консулство		28731	2316	2282	41.06689, 29.03029	Истанбул, кв. Улус-Левент<br/> бул. "Ахмет Сайгун" № 44 <br/> Тел.: 0090-212 / 281 01 14/15/16<br/> Факс: 0090-212-264-1011 / 270 0089<br/> e-mail: Consulate.Istanbul@mfa.bg					
91	Одрин, Турция	Генерално консулство		838	377	441	41.66972, 26.56725	Адрес: Р Турция, гр. Одрин, бул. Талятпаша Асфалтъ №31<br/>тел.: +902842140617	 +905337396140 Fax: +902842148482 e-mail: Consulate.Edirne@mfa.bg				
92	Одеса, Украйна	Генерално консулство	38	61	37	26	46.42901, 30.75896	Адрес: 65062, Украйна, гр. Одеса, ул. "Посмитного", 9 <br/>тел.: + 38 048 746 65 54	 + 38 048 746 65 58 Fax: + 38 048 746 65 48 e-mail:Consulate.Odessa@mfa.bg Консулска служба: + 38 048 746 63 39				
95	Брюксел, Белгия	Постоянно представителство	772				50.84727, 4.38013	49, Square Marie-Louise , B-1000 Bruxelles,<br/>Tel.: 0032/0/2 2358300, Fax: 0032/0/2 374 91 88<br/>E-mail: info@bg-permrep.eu					
98	Женева, Швейцария	Постоянно представителство		241	192	157	46.178181407856,6.0660889928371	16, Chemin des Cr�ts-de-Pregny <br/>1218 Grand Saconnex, Gen�ve<br/>Tel: (0041 22) 7980300, 7980301<br/>Tel/Fax: (0041 22) 7980302<br/>E-mail:Mission.Geneva@mfa.bg					
100	Ню Йорк, САЩ	Постоянно представителство		789	322	256	40.740690078424,-74.034853382224	Адрес: 11 East, 84th Street, New York, NY 10028<br/>тел.: 001 212 737 4790	001 212 737 4791	 001 212 327 4180	 001 212 327 4181 Fax: 001 212 472 9865 e-mail: bulgaria@un.int		
101	Виена, Австрия	Постоянно представителство					48.153903520881,16.308862627423	Адрес: 1040 Wien, Rechte Wienzeile 13<br/>тел.: 0043 1 585 66 03<br/>Fax: 0043 1 585 20 01 <br/>e-mail: bg.mission@bulgvert.at					
102	Париж, Франция	Постоянно представителство					48.933499708792,2.3519703939346	DELEGATION PERMANENTE DE LA R�PUBLIQUE DE BULGARIE<br/>AUPR�S DE L'UNESCO, Paris, France.<br/>1, rue Miollis, Paris 75015, France<br/>Tel: 00 33 1 45 68 34 02<br/>Tel/Fax: 0033 1 47 83 34 52<br/>E-mail:  dl.bulgaria@unesco-delegations.org					
103	Страсбург, Франция	Постоянно представителство	216	452	295	240	48.64272024338,7.6782665704471	Адрес: 22, rue Fischart<br/>67000, Strasbourg<br/>France<br/>тел.: +33388619529<br/>Fax: +33388619238<br/>e-mail: Mission.Strasbourg@mfa.bg					
105	Белград, Сърбия	Посолство	61	144	73	67	44.887558338576,20.484038234543	Адрес: 11000 Белград , ул. "Бирчанинова" № 26<br/>тел.: +38 111 361 39 80 <br/>+38 111 361 39 90 <br/>Fax: +38 111 361 11 36<br/>+38 111 362 01 16 <br/>e-mail: Embassy.Belgrade@mfa.bg					
107	Рим, Италия	Посолство	145	471	242	196	41.9235, 12.4758	Адрес: Ул. "Пиетро Паоло Рубенс" № 21<br/>00197 Рим<br/>тел.: +39 06 322 4640	 +39 06 322 4643, автоматична консулска информация: 06 321 3791 Fax: +39 06 322 6122 e-mail: Embassy.Rome@mfa.bg				
109	Пхенян, Корейска Народно Демократична Република	Посолство					33.8438, -118.3277	DPRK, Pyongyang, Munsudong <br/> Tel: (00850-2) 381-73-43<br/> Fax: (00850-2) 381-73-42<br/> E-mail: Embassy.Pyongyang@mfa.bg					
110	Дубай, Обединени Арабски Емирства	Генерално консулство		148	102	93	25.194474042259,55.176924892312	Jumeira Road, Villa No 18, Dubai, U.A.E.<br/> P.O. Box 72535<br/>Tel. +971 4 3442419	 Fax +971 4 3442341 e-mail Consulate.Dubai@mfa.bg				
111	Прищина, Косово	Посолство	46	53	33	42	42.66755,21.15312	Косово, гр. Прищина<br/> кв. Драгодан<br/> ул. "Исмайл Чемали" № 12<br/> Тел.: 0038138 245540<br/> Факс: 0038138 245 543<br/> E-mail: Embassy.Pristina@mfa.bg					
112	Астана, Казахстан	Посолство					51.16869, 71.4083	ул."Сарыарка" 15<br/>Бизнес център "Искер" <br/>тел: 007 (7172) 901515 <br/>факс:007 (7172) 901819 <br/>Е-mail: Embassy.Astana@mfa.bg					
113	Претория, Република Южна Африка	Посолство		155	60	45	-25.74343, 28.23372	P.O. Box 26296, Arcadia 0007<br/>1071 Church str., 0083 Hatfield, Pretoria, RSA<br/>Тел.: (0027 12) 342-37-20<br/>Тел.: (0027 12) 342-79-41<br/>Факс: (0027 12) 342-37-21<br/>E-mail: Embassy.Pretoria@mfa.bg					
114	Баку, Азербейджан	Посолство					40.333882484919,49.908773352504	AZ 1069 Azerbaijan, Baky<br/>34, Oktay Kerimov str.<br/>Тел.: 0099 412 441-43-81<br/>Тел.: 0099 412 441-41-38<br/>Факс: 0099 412 440-81-82<br/>Е-mail: Embassy.Baku@mfa.bg					
116	Сараево, Босна и Херцеговина	Посолство	47	105	78	63	43.8563, 18.323	71000 Sarajevo<br/>ul. Radnička 30<br/>Тел.: +387 33 668 191<br/>Факс: +387 33 668 189<br/>Е-mail: Embassy.Sarajevo@mfa.bg					
117	Ватикана, Ватикана	Посолство					41.904545970324,12.393917047633	Via Ferdinando Galiani, 36<br/>00191 Roma, Italia<br/>Tel: (0039 06) 687 57 17<br/>Fax: (0039 06) 686 52 33<br/>E-mail: Embassy.Vatican@mfa.bg					
118	Тел Авив, Израел	Посолство		240	94	114	32.023342963662,34.800940135984	21 Leonardo da-Vinci Str.<br/>Tel Aviv 64733, Israel+972-3-696-13-78 +972-3-696-13-61 <br/>Факс: +972-3-696-14-30<br/>e-mail: <br/>Посолство:Embassy.TelAviv@mfa.bg<br/>Консулска служба:consular.telaviv@mfa.bg					
119	Хага, Нидерландия	Посолство	432	1207	493	433	52.10448, 4.30222	Duinroosweg 9, <br/>2597 KJ The Hague, The Netherlands<br/>tel: (0031 70) 350 30 51<br/>fax: (0031 70) 358 46 88<br/>е-mail: Embassy.Hague@mfa.bg					
120	Загреб, Хърватия	Посолство		41	32	16	45.82350, 15.98212	CROATIA, 10 000 ZAGREB<br/>Embassy of the Republic of Bulgaria<br/>10000 Zagreb<br/>Nike Gr&scaron	kovića 31, Veleposlanstvo Republike Bugarske Tel: (0038 51) 46-46-609, 46-46-631, 46-46-640 Fax: (0038 51) 46-46-625 E-mail:Embassy.Zagreb@mfa.bg				
121	Подгорица, Черна Гора	Посолство					42.516422079917,19.2557088823	Подгорица 81 000<br/>Ул. "Вукице Митровича" № 10<br/>Тел.: 00382 20 655 009<br/>Тел./факс: 00382 20 655 008<br/>E-mail: Embassy.Podgorica@mfa.bg					
122	Прага, Чешка република	Посолство	247	670	318	295	50.07767, 14.42792	Praha 1, ul. Krakovska 6<br/>Тел.: 00420 2222-12-011<br/>Факс: 00420 2222 11-728<br/>е-mail: Embassy.Prague@mfa.bg					
123	Ниш, Сърбия	Генерално консулство					43.32292, 21.89922	Р Сърбия, гр Ниш - 18 000<br/>ул. "Лоле Рибара" № 19<br/>Тел.: (00 381 18) 512 400<br/>Тел.: (00 381 18) 516 800<br/>Тел./Факс: (00 381 18) 516 900					
124	Рамала, Палестинска власт	Дипломатическо бюро					31.90039, 35.20309	Address: Al Kawtar st. VIP Center 2 floor, Al Bireh - Ramallah<br/>E-mail: bulpred@geмzo.net<br/>Telephone: +970 2 24 13 143<br/>Fax: +970 2 24 13 144 <br/>Documents reception hours: 11:00 - 13:00 (Monday, Tuesday and Thursday)<br/>Information by telephone: 09:00 - 13:30 (Sunday - Thursday)					
126	Брюксел, Белгия	Делегация към NATO					50.84900, 4.35458	NATO HQ, NG building, 4th floor<br/> Blvd. Leopold III, Brussels - 1110<br/> Е-mail: delegation@bg-nato.be					
-1	Адапазаръ 			590			40.7782, 30.401						
-1	Аликанте			404	163	154	38.345, -0.484						
-1	Алкала де Енарес			485	235	258	40.490, -3.367						
-1	Алмати			19			43.255, 76.912						
-1	Амстердам			602			52.3699, 4.895						
-1	Анталия			376	164	142	36.885, 30.707						
-1	Антверпен		339	582			51.219, 4.403						
-1	Аранда де Дуеро		122				41.6711, -3.687						
-1	Атина		879	2780	821	902	37.9737, 23.7327						
-1	Атланта			475	166	122	33.7486, -84.387						
-1	Атлантик Сити			167	39	63	39.3638, -74.4222						
-1	Бабаески				224	204	41.4314, 27.0928						
-1	Бандърма			278			40.3574, 27.9781						
-1	Бенгази			37			32.109, 20.073						
-1	Бенидорм				156	181	38.5364, -0.134						
-1	Босилеград			160			42.4996, 22.4737						
-1	Брумъл			174	116	75	39.98098, -75.36129						
-1	Бургос		117				42.3410, -3.699						
-1	Буюккаръщъран				390	465	37.2397, 37.5271						
-1	Бърно			124			49.1918, 16.613						
-1	Валета		181	334	248	223	35.8976, 14.5136						
-1	Валядолид		249	630	321	378	41.648, -4.725						
-1	Вилнюс			38			54.688, 25.278						
-1	Вулканещ				93	87	46.29986, 28.6572						
-1	Гандия			1370	454	501	38.9693, -0.189						
-1	Гебзе				1244	1346	40.8003, 29.433						
-1	Гент		309	582	193	123	51.053, 3.731						
-1	Глазгоу				150	98	55.8634, -4.252						
-1	Далас			122			32.94979, -96.86537						
-1	Дес Плейнс			1305	655	608	42.02349, -87.92733						
-1	Детройт			224	87	63	42.54209, -83.45864						
-1	Димитровград			122			54.2219, 49.592						
-1	Екатеринбург			26			56.832, 60.600						
-1	Ел Елхидо				223	226	36.7741, -2.812						
-1	Енгера			756	210	202	38.979, -0.685						
-1	Ескишехир			576	340	254	39.7769, 30.521						
-1	Измир			13627	4247	4816	38.4159, 27.131						
-1	Измит			5409	348	291	40.7652, 29.914						
-1	Кандахар			233	202	141	31.6166, 65.717						
-1	Капаклъ				334	402	41.8984, 27.3536						
-1	Кастельон				104	90	39.952, -0.033						
-1	Кастеламаре ди Сабия			741			40.6957, 14.4810						
-1	Кахул				149	144	45.9043, 28.1985						
-1	Колядо Вилялба		242		473	484	40.6266, -4.0092						
-1	Комрат				91	99	46.3021, 28.6632						
-1	Куеляр		297				41.402, -4.316						
-1	Къркларели			446	295	274	41.7334, 27.219						
-1	Кьорфез				321	352	40.781, 29.702						
-1	Ларнака			652	457	447	34.9166, 33.6334						
-1	Лимасол			627	434	410	34.7061, 33.0234						
-1	Лион			259	207	168	45.7621, 4.8342						
-1	Люлебургаз			2273	708	634	41.4000, 27.3501						
-1	Майорга		71				42.1644, -5.266						
-1	Маниса			986	366	278	38.6163, 27.425						
-1	Марбеля			215			36.5105, -4.888						
-1	Милано		258	1075			45.4625, 9.188						
-1	Мостолес			642	217	221	40.3222, -3.8663						
-1	Муратлъ				271	257	41.1730, 27.5074						
-1	Мурсия			572	197	239	37.9824, -1.130						
-1	Нава де ла Асунсион		180	94			41.1546, -4.488						
-1	Нантъкет			190			41.2855, -70.1017						
-1	Оклънд			79	73	63	-50.6229, 166.118						
-1	Олерия				71	84	38.9129, -0.5500						
-1	Орландо				72	65	28.530, -81.379						
-1	Орхус			105			56.160, 10.204						
-1	Осло			165	115	103	59.914, 10.735						
-1	Палма де Майорка			1561	560	654	39.570, 2.639						
-1	Памплона		127	747	360	505	42.8171, -1.648						
-1	Паралимни			665			35.0324, 33.9843						
-1	Пафос			649	329	371	34.911, 32.492						
-1	Полис - Хрисохус			251	232	218	35.032, 32.432						
-1	Пърт			54			-31.9530, 115.8572						
-1	Риаса		82	96			41.2799, -3.478						
-1	Розендал			352			52.017, 7.210						
-1	Ротердам		449	379			51.9231, 4.481						
-1	Сан Диего			196			32.82234, -117.09546						
-1	Сан Франциско			326			37.66338, -122.40114						
-1	Сарагоса				173	135	41.656, -0.868						
-1	Сарай				246	321	41.4423, 27.9204						
-1	Сеговия		174	387	183	209	40.952, -4.120						
-1	Сейнт Питърсбърг				117	126	27.7720, -82.639						
-1	Сент Пол			159			44.97524, -93.15679						
-1	Сердиван				332	309	40.7595, 30.371						
-1	Сиатъл			261			47.66547, -122.3135						
-1	Сидни			121			-33.8740, 151.2070						
-1	Сургут			56			61.2669, 73.403						
-1	Тараклия				213	127	46.56998, 29.1166						
-1	Таррагона				186	225	41.1179, 1.2456						
-1	Тафая				99	146	42.5300, -1.6752						
-1	Твардица				144	105	46.1495, 28.9662						
-1	Торемолинос			371			36.617, -4.525						
-1	Торревиеха				192	213	37.977, -0.676						
-1	Тулуза			269	147	102	43.6021, 1.4421						
-1	Уеркал - Овера			183			37.3887, -1.949						
-1	Уискънсин Делс			93			43.60187, -89.79373						
-1	Флиитхампшир			273			51.28172, -0.84121						
-1	Форт Лодърдейл			269	96	88	26.16749, -80.10924						
-1	Хатива				296	327	38.9874, -0.520						
-1	Хетафе				325	449	40.3034, -3.735						
-1	Чадър – Лунга				98	127	46.0583, 28.8252						
-1	Чайърова				745	831	40.8352, 29.3822						
-1	Черкезкьой			1699	282	320	41.2817, 27.991						
-1	Чорлу			8578	3860	4172	41.154, 27.798						
-1	Ървайн			134			33.6982, -117.7509						
-1	Ялова			1326	1070	1163	40.6493, 29.2659						
